Designator,Val,Package,Mid X,Mid Y,Rotation,Layer
C1,22pF,C_0805_2012Metric_Pad1.18x1.45mm_HandSolder,185.42,-41.275,270,bottom
C2,22pF,C_0805_2012Metric_Pad1.18x1.45mm_HandSolder,188.595,-40.132,90,bottom
C3,10uF,C_0805_2012Metric_Pad1.18x1.45mm_HandSolder,184.785,-30.235,90,bottom
C4,1uF (±10%),C_0805_2012Metric_Pad1.18x1.45mm_HandSolder,182.499,-30.226,90,bottom
C5,1uF,C_0805_2012Metric_Pad1.18x1.45mm_HandSolder,165.363,-37.211,180,bottom
C6,0.1uF,C_0805_2012Metric_Pad1.18x1.45mm_HandSolder,165.354,-39.497,180,bottom
C7,0.1uF,C_0805_2012Metric_Pad1.18x1.45mm_HandSolder,179.324,-54.737,270,bottom
C8,0.1uF,C_0805_2012Metric_Pad1.18x1.45mm_HandSolder,164.973,-45.72,0,bottom
C9,0.1uF,C_0805_2012Metric_Pad1.18x1.45mm_HandSolder,189.1538,-35.814,0,bottom
D1,D,D_SOD-123,40.259,-41.8465,90,bottom
D2,D,D_SOD-123,40.767,-62.0776,90,bottom
D3,D,D_SOD-123,39.1414,-81.3054,90,bottom
D4,D,D_SOD-123,39.751,-99.5055,90,bottom
D5,D,D_SOD-123,32.6644,-119.3556,90,bottom
D6,D,D_SOD-123,59.3598,-41.8465,90,bottom
D7,D,D_SOD-123,64.6684,-62.0776,90,bottom
D8,D,D_SOD-123,65.3542,-81.3054,90,bottom
D9,D,D_SOD-123,70.739,-99.5045,90,bottom
D10,D,D_SOD-123,78.4098,-41.7576,90,bottom
D11,D,D_SOD-123,83.947,-62.1665,78,bottom
D12,D,D_SOD-123,84.9884,-81.3308,78,bottom
D13,D,D_SOD-123,90.7415,-99.568,78,bottom
D14,D,D_SOD-123,91.44,-119.4435,78,bottom
D15,D,D_SOD-123,97.663,-44.3484,78,bottom
D16,D,D_SOD-123,103.0732,-64.9224,78,bottom
D17,D,D_SOD-123,103.7336,-84.582,78,bottom
D18,D,D_SOD-123,109.0676,-105.2576,78,bottom
D19,D,D_SOD-123,116.2812,-48.2854,78,bottom
D20,D,D_SOD-123,121.5644,-68.9356,78,bottom
D21,D,D_SOD-123,122.428,-88.4936,78,bottom
D22,D,D_SOD-123,127.635,-109.1184,78,bottom
D23,D,D_SOD-123,123.7488,-127.8636,78,bottom
D24,D,D_SOD-123,134.9502,-52.3494,78,bottom
D25,D,D_SOD-123,140.2588,-72.898,78,bottom
D26,D,D_SOD-123,140.97,-92.456,78,bottom
D27,D,D_SOD-123,146.2786,-113.1316,78,bottom
D28,D,D_SOD-123,151.6888,-133.7056,78,bottom
D29,D,D_SOD-123,153.7208,-55.4736,78,bottom
D30,D,D_SOD-123,178.308,-79.8322,102,bottom
D31,D,D_SOD-123,186.944,-97.4344,102,bottom
D32,D,D_SOD-123,195.6054,-115.0874,102,bottom
D33,D,D_SOD-123,183.642,-59.182,102,bottom
D34,D,D_SOD-123,196.5706,-74.295,102,bottom
D35,D,D_SOD-123,205.4606,-92.4814,102,bottom
D36,D,D_SOD-123,214.2744,-111.1504,102,bottom
D37,D,D_SOD-123,206.248,-130.81,102,bottom
D38,D,D_SOD-123,202.184,-55.2958,102,bottom
D39,D,D_SOD-123,215.4428,-71.2724,102,bottom
D40,D,D_SOD-123,224.2312,-89.535,102,bottom
D41,D,D_SOD-123,232.8926,-107.0864,102,bottom
D42,D,D_SOD-123,220.9292,-51.2572,102,bottom
D43,D,D_SOD-123,234.1626,-67.945,102,bottom
D44,D,D_SOD-123,242.6462,-84.709,102,bottom
D45,D,D_SOD-123,251.3076,-103.0732,102,bottom
D46,D,D_SOD-123,245.999,-124.206,102,bottom
D47,D,D_SOD-123,239.4966,-47.244,102,bottom
D48,D,D_SOD-123,252.0696,-62.23,102,bottom
D49,D,D_SOD-123,261.0485,-79.9719,90,bottom
D50,D,D_SOD-123,271.653,-100.3046,90,bottom
D51,D,D_SOD-123,258.445,-42.291,90,bottom
D52,D,D_SOD-123,272.1864,-62.2808,90,bottom
D53,D,D_SOD-123,280.0731,-79.9719,90,bottom
D54,D,D_SOD-123,297.8658,-100.3046,90,bottom
D55,D,D_SOD-123,277.5204,-42.291,90,bottom
D56,D,D_SOD-123,291.3126,-62.3316,90,bottom
D57,D,D_SOD-123,311.1627,-79.9719,90,bottom
D58,D,D_SOD-123,309.7784,-124.1044,90,bottom
D59,D,D_SOD-123,306.1208,-42.291,90,bottom
D60,D,D_SOD-123,315.1886,-62.2808,90,bottom
D61,D,D_SOD-123,328.803,-105.0544,90,bottom
D62,D,D_SOD-123,328.803,-124.1044,90,bottom
D63,D,D_SOD-123,339.5472,-38.2778,90,bottom
D64,D,D_SOD-123,343.7128,-57.4548,90,bottom
D65,D,D_SOD-123,347.8784,-76.6064,90,bottom
D66,D,D_SOD-123,347.9038,-124.1044,90,bottom
F1,500mA,Fuse_1206_3216Metric_Pad1.42x1.75mm_HandSolder,161.3265,-26.289,0,bottom
R1,22,R_0805_2012Metric_Pad1.20x1.40mm_HandSolder,159.757,-32.131,0,bottom
R2,22,R_0805_2012Metric_Pad1.20x1.40mm_HandSolder,159.757,-29.845,0,bottom
R3,10K,R_0805_2012Metric_Pad1.20x1.40mm_HandSolder,193.421,-28.82,270,bottom
R4,10K,R_0805_2012Metric_Pad1.20x1.40mm_HandSolder,170.688,-52.07,270,bottom
R5,5k1,R_0805_2012Metric_Pad1.20x1.40mm_HandSolder,151.892,-32.258,90,bottom
R6,5k1,R_0805_2012Metric_Pad1.20x1.40mm_HandSolder,159.766,-36.195,0,bottom
SWR1,SW_Push,SW_SPST_TL3342,200.279,-28.956,180,bottom
U1,USBLC6-2SC6,SOT-23-6_Handsoldering,165.227,-30.988,180,bottom
U2,ATmega32U4-AU,TQFP-44_10x10mm_P0.8mm,175.41875,-42.164,0,bottom
Y1,Crystal_GND24,Crystal_SMD_SeikoEpson_FA238-4Pin_3.2x2.5mm_HandSoldering,193.548,-39.878,180,bottom
